Michał;Adamczyk;25
Jimmy;McGill;42
Mike;Ehrmentraut;78
Kim;Wexler;40
Chuck;McGill;65
Michał;Adamczyk;25
Jimmy;McGill;42
Mike;Ehrmentraut;78
Kim;Wexler;40
Chuck;McGill;65
Michał;Adamczyk;25
Jimmy;McGill;42
Mike;Ehrmentraut;78
Kim;Wexler;40
Chuck;McGill;65
Michał;Adamczyk;25
Jimmy;McGill;42
Mike;Ehrmentraut;78
Kim;Wexler;40
Chuck;McGill;65
Michał;Adamczyk;25
Jimmy;McGill;42
Mike;Ehrmentraut;78
Kim;Wexler;40
Chuck;McGill;65
Michał;Adamczyk;25
Jimmy;McGill;42
Mike;Ehrmentraut;78
Kim;Wexler;40
Chuck;McGill;65
Michał;Adamczyk;25
Jimmy;McGill;42
Mike;Ehrmentraut;78
Kim;Wexler;40
Chuck;McGill;65
Michał;Adamczyk;25
Jimmy;McGill;42
Mike;Ehrmentraut;78
Kim;Wexler;40
Chuck;McGill;65
Michał;Adamczyk;25
Jimmy;McGill;42
Mike;Ehrmentraut;78
Kim;Wexler;40
Chuck;McGill;65
Michał;Adamczyk;25
Jimmy;McGill;42
Mike;Ehrmentraut;78
Kim;Wexler;40
Chuck;McGill;65
Michał;Adamczyk;25
Jimmy;McGill;42
Mike;Ehrmentraut;78
Kim;Wexler;40
Chuck;McGill;65
Michał;Adamczyk;25
Jimmy;McGill;42
Mike;Ehrmentraut;78
Kim;Wexler;40
Chuck;McGill;65
Michał;Adamczyk;25
Jimmy;McGill;42
Mike;Ehrmentraut;78
Kim;Wexler;40
Chuck;McGill;65
Michał;Adamczyk;25
Jimmy;McGill;42
Mike;Ehrmentraut;78
Kim;Wexler;40
Chuck;McGill;65
Michał;Adamczyk;25
Jimmy;McGill;42
Mike;Ehrmentraut;78
Kim;Wexler;40
Chuck;McGill;65
Michał;Adamczyk;25
Jimmy;McGill;42
Mike;Ehrmentraut;78
Kim;Wexler;40
Chuck;McGill;65
Michał;Adamczyk;25
Jimmy;McGill;42
Mike;Ehrmentraut;78
Kim;Wexler;40
Chuck;McGill;65
Michał;Adamczyk;25
Jimmy;McGill;42
Mike;Ehrmentraut;78
Kim;Wexler;40
Chuck;McGill;65
Michał;Adamczyk;25
Jimmy;McGill;42
Mike;Ehrmentraut;78
Kim;Wexler;40
Chuck;McGill;65
Michał;Adamczyk;25
Jimmy;McGill;42
Mike;Ehrmentraut;78
Kim;Wexler;40
Chuck;McGill;65
Michał;Adamczyk;25
Jimmy;McGill;42
Mike;Ehrmentraut;78
Kim;Wexler;40
Chuck;McGill;65
Michał;Adamczyk;25
Jimmy;McGill;42
Mike;Ehrmentraut;78
Kim;Wexler;40
Chuck;McGill;65
Michał;Adamczyk;25
Jimmy;McGill;42
Mike;Ehrmentraut;78
Kim;Wexler;40
Chuck;McGill;65
Michał;Adamczyk;25
Jimmy;McGill;42
Mike;Ehrmentraut;78
Kim;Wexler;40
Chuck;McGill;65
Michał;Adamczyk;25
Jimmy;McGill;42
Mike;Ehrmentraut;78
Kim;Wexler;40
Chuck;McGill;65
Michał;Adamczyk;25
Jimmy;McGill;42
Mike;Ehrmentraut;78
Kim;Wexler;40
Chuck;McGill;65
Michał;Adamczyk;25
Jimmy;McGill;42
Mike;Ehrmentraut;78
Kim;Wexler;40
Chuck;McGill;65
Michał;Adamczyk;25
Jimmy;McGill;42
Mike;Ehrmentraut;78
Kim;Wexler;40
Chuck;McGill;65
Michał;Adamczyk;25
Jimmy;McGill;42
Mike;Ehrmentraut;78
Kim;Wexler;40
Chuck;McGill;65
Michał;Adamczyk;25
Jimmy;McGill;42
Mike;Ehrmentraut;78
Kim;Wexler;40
Chuck;McGill;65
Michał;Adamczyk;25
Jimmy;McGill;42
Mike;Ehrmentraut;78
Kim;Wexler;40
Chuck;McGill;65
Michał;Adamczyk;25
Jimmy;McGill;42
Mike;Ehrmentraut;78
Kim;Wexler;40
Chuck;McGill;65
Michał;Adamczyk;25
Jimmy;McGill;42
Mike;Ehrmentraut;78
Kim;Wexler;40
Chuck;McGill;65
Michał;Adamczyk;25
Jimmy;McGill;42
Mike;Ehrmentraut;78
Kim;Wexler;40
Chuck;McGill;65
Michał;Adamczyk;25
Jimmy;McGill;42
Mike;Ehrmentraut;78
Kim;Wexler;40
Chuck;McGill;65
Michał;Adamczyk;25
Jimmy;McGill;42
Mike;Ehrmentraut;78
Kim;Wexler;40
Chuck;McGill;65
Michał;Adamczyk;25
Jimmy;McGill;42
Mike;Ehrmentraut;78
Kim;Wexler;40
Chuck;McGill;65
Michał;Adamczyk;25
Jimmy;McGill;42
Mike;Ehrmentraut;78
Kim;Wexler;40
Chuck;McGill;65
Michał;Adamczyk;25
Jimmy;McGill;42
Mike;Ehrmentraut;78
Kim;Wexler;40
Chuck;McGill;65
Michał;Adamczyk;25
Jimmy;McGill;42
Mike;Ehrmentraut;78
Kim;Wexler;40
Chuck;McGill;65
Michał;Adamczyk;25
Jimmy;McGill;42
Mike;Ehrmentraut;78
Kim;Wexler;40
Chuck;McGill;65
Michał;Adamczyk;25
Jimmy;McGill;42
Mike;Ehrmentraut;78
Kim;Wexler;40
Chuck;McGill;65
Michał;Adamczyk;25
Jimmy;McGill;42
Mike;Ehrmentraut;78
Kim;Wexler;40
Chuck;McGill;65
Michał;Adamczyk;25
Jimmy;McGill;42
Mike;Ehrmentraut;78
Kim;Wexler;40
Chuck;McGill;65
Michał;Adamczyk;25
Jimmy;McGill;42
Mike;Ehrmentraut;78
Kim;Wexler;40
Chuck;McGill;65
Michał;Adamczyk;25
Jimmy;McGill;42
Mike;Ehrmentraut;78
Kim;Wexler;40
Chuck;McGill;65
Michał;Adamczyk;25
Jimmy;McGill;42
Mike;Ehrmentraut;78
Kim;Wexler;40
Chuck;McGill;65
Michał;Adamczyk;25
Jimmy;McGill;42
Mike;Ehrmentraut;78
Kim;Wexler;40
Chuck;McGill;65
Michał;Adamczyk;25
Jimmy;McGill;42
Mike;Ehrmentraut;78
Kim;Wexler;40
Chuck;McGill;65
Michał;Adamczyk;25
Jimmy;McGill;42
Mike;Ehrmentraut;78
Kim;Wexler;40
Chuck;McGill;65
Michał;Adamczyk;25
Jimmy;McGill;42
Mike;Ehrmentraut;78
Kim;Wexler;40
Chuck;McGill;65
Michał;Adamczyk;25
Jimmy;McGill;42
Mike;Ehrmentraut;78
Kim;Wexler;40
Chuck;McGill;65
Michał;Adamczyk;25
Jimmy;McGill;42
Mike;Ehrmentraut;78
Kim;Wexler;40
Chuck;McGill;65
Michał;Adamczyk;25
Jimmy;McGill;42
Mike;Ehrmentraut;78
Kim;Wexler;40
Chuck;McGill;65
Michał;Adamczyk;25
Jimmy;McGill;42
Mike;Ehrmentraut;78
Kim;Wexler;40
Chuck;McGill;65
Michał;Adamczyk;25
Jimmy;McGill;42
Mike;Ehrmentraut;78
Kim;Wexler;40
Chuck;McGill;65
Michał;Adamczyk;25
Jimmy;McGill;42
Mike;Ehrmentraut;78
Kim;Wexler;40
Chuck;McGill;65
Michał;Adamczyk;25
Jimmy;McGill;42
Mike;Ehrmentraut;78
Kim;Wexler;40
Chuck;McGill;65
Michał;Adamczyk;25
Jimmy;McGill;42
Mike;Ehrmentraut;78
Kim;Wexler;40
Chuck;McGill;65
Michał;Adamczyk;25
Jimmy;McGill;42
Mike;Ehrmentraut;78
Kim;Wexler;40
Chuck;McGill;65
Michał;Adamczyk;25
Jimmy;McGill;42
Mike;Ehrmentraut;78
Kim;Wexler;40
Chuck;McGill;65
Michał;Adamczyk;25
Jimmy;McGill;42
Mike;Ehrmentraut;78
Kim;Wexler;40
Chuck;McGill;65
Michał;Adamczyk;25
Jimmy;McGill;42
Mike;Ehrmentraut;78
Kim;Wexler;40
Chuck;McGill;65
Michał;Adamczyk;25
Jimmy;McGill;42
Mike;Ehrmentraut;78
Kim;Wexler;40
Chuck;McGill;65
Michał;Adamczyk;25
Jimmy;McGill;42
Mike;Ehrmentraut;78
Kim;Wexler;40
Chuck;McGill;65
Michał;Adamczyk;25
Jimmy;McGill;42
Mike;Ehrmentraut;78
Kim;Wexler;40
Chuck;McGill;65
Michał;Adamczyk;25
Jimmy;McGill;42
Mike;Ehrmentraut;78
Kim;Wexler;40
Chuck;McGill;65
Michał;Adamczyk;25
Jimmy;McGill;42
Mike;Ehrmentraut;78
Kim;Wexler;40
Chuck;McGill;65
Michał;Adamczyk;25
Jimmy;McGill;42
Mike;Ehrmentraut;78
Kim;Wexler;40
Chuck;McGill;65
Michał;Adamczyk;25
Jimmy;McGill;42
Mike;Ehrmentraut;78
Kim;Wexler;40
Chuck;McGill;65
Michał;Adamczyk;25
Jimmy;McGill;42
Mike;Ehrmentraut;78
Kim;Wexler;40
Chuck;McGill;65
Michał;Adamczyk;25
Jimmy;McGill;42
Mike;Ehrmentraut;78
Kim;Wexler;40
Chuck;McGill;65
Michał;Adamczyk;25
Jimmy;McGill;42
Mike;Ehrmentraut;78
Kim;Wexler;40
Chuck;McGill;65
Michał;Adamczyk;25
Jimmy;McGill;42
Mike;Ehrmentraut;78
Kim;Wexler;40
Chuck;McGill;65
Michał;Adamczyk;25
Jimmy;McGill;42
Mike;Ehrmentraut;78
Kim;Wexler;40
Chuck;McGill;65
Michał;Adamczyk;25
Jimmy;McGill;42
Mike;Ehrmentraut;78
Kim;Wexler;40
Chuck;McGill;65
Michał;Adamczyk;25
Jimmy;McGill;42
Mike;Ehrmentraut;78
Kim;Wexler;40
Chuck;McGill;65
Michał;Adamczyk;25
Jimmy;McGill;42
Mike;Ehrmentraut;78
Kim;Wexler;40
Chuck;McGill;65
Michał;Adamczyk;25
Jimmy;McGill;42
Mike;Ehrmentraut;78
Kim;Wexler;40
Chuck;McGill;65
Michał;Adamczyk;25
Jimmy;McGill;42
Mike;Ehrmentraut;78
Kim;Wexler;40
Chuck;McGill;65
Michał;Adamczyk;25
Jimmy;McGill;42
Mike;Ehrmentraut;78
Kim;Wexler;40
Chuck;McGill;65
Michał;Adamczyk;25
Jimmy;McGill;42
Mike;Ehrmentraut;78
Kim;Wexler;40
Chuck;McGill;65
Michał;Adamczyk;25
Jimmy;McGill;42
Mike;Ehrmentraut;78
Kim;Wexler;40
Chuck;McGill;65
Michał;Adamczyk;25
Jimmy;McGill;42
Mike;Ehrmentraut;78
Kim;Wexler;40
Chuck;McGill;65
Michał;Adamczyk;25
Jimmy;McGill;42
Mike;Ehrmentraut;78
Kim;Wexler;40
Chuck;McGill;65
Michał;Adamczyk;25
Jimmy;McGill;42
Mike;Ehrmentraut;78
Kim;Wexler;40
Chuck;McGill;65
Michał;Adamczyk;25
Jimmy;McGill;42
Mike;Ehrmentraut;78
Kim;Wexler;40
Chuck;McGill;65
Michał;Adamczyk;25
Jimmy;McGill;42
Mike;Ehrmentraut;78
Kim;Wexler;40
Chuck;McGill;65
Michał;Adamczyk;25
Jimmy;McGill;42
Mike;Ehrmentraut;78
Kim;Wexler;40
Chuck;McGill;65
Michał;Adamczyk;25
Jimmy;McGill;42
Mike;Ehrmentraut;78
Kim;Wexler;40
Chuck;McGill;65
Michał;Adamczyk;25
Jimmy;McGill;42
Mike;Ehrmentraut;78
Kim;Wexler;40
Chuck;McGill;65
Michał;Adamczyk;25
Jimmy;McGill;42
Mike;Ehrmentraut;78
Kim;Wexler;40
Chuck;McGill;65
Michał;Adamczyk;25
Jimmy;McGill;42
Mike;Ehrmentraut;78
Kim;Wexler;40
Chuck;McGill;65
Michał;Adamczyk;25
Jimmy;McGill;42
Mike;Ehrmentraut;78
Kim;Wexler;40
Chuck;McGill;65
Michał;Adamczyk;25
Jimmy;McGill;42
Mike;Ehrmentraut;78
Kim;Wexler;40
Chuck;McGill;65
Michał;Adamczyk;25
Jimmy;McGill;42
Mike;Ehrmentraut;78
Kim;Wexler;40
Chuck;McGill;65
Michał;Adamczyk;25
Jimmy;McGill;42
Mike;Ehrmentraut;78
Kim;Wexler;40
Chuck;McGill;65
Michał;Adamczyk;25
Jimmy;McGill;42
Mike;Ehrmentraut;78
Kim;Wexler;40
Chuck;McGill;65
Michał;Adamczyk;25
Jimmy;McGill;42
Mike;Ehrmentraut;78
Kim;Wexler;40
Chuck;McGill;65
Michał;Adamczyk;25
Jimmy;McGill;42
Mike;Ehrmentraut;78
Kim;Wexler;40
Chuck;McGill;65
Michał;Adamczyk;25
Jimmy;McGill;42
Mike;Ehrmentraut;78
Kim;Wexler;40
Chuck;McGill;65
Michał;Adamczyk;25
Jimmy;McGill;42
Mike;Ehrmentraut;78
Kim;Wexler;40
Chuck;McGill;65
Michał;Adamczyk;25
Jimmy;McGill;42
Mike;Ehrmentraut;78
Kim;Wexler;40
Chuck;McGill;65
Michał;Adamczyk;25
Jimmy;McGill;42
Mike;Ehrmentraut;78
Kim;Wexler;40
Chuck;McGill;65
Michał;Adamczyk;25
Jimmy;McGill;42
Mike;Ehrmentraut;78
Kim;Wexler;40
Chuck;McGill;65
Michał;Adamczyk;25
Jimmy;McGill;42
Mike;Ehrmentraut;78
Kim;Wexler;40
Chuck;McGill;65
Michał;Adamczyk;25
Jimmy;McGill;42
Mike;Ehrmentraut;78
Kim;Wexler;40
Chuck;McGill;65
Michał;Adamczyk;25
Jimmy;McGill;42
Mike;Ehrmentraut;78
Kim;Wexler;40
Chuck;McGill;65
Michał;Adamczyk;25
Jimmy;McGill;42
Mike;Ehrmentraut;78
Kim;Wexler;40
Chuck;McGill;65
Michał;Adamczyk;25
Jimmy;McGill;42
Mike;Ehrmentraut;78
Kim;Wexler;40
Chuck;McGill;65
Michał;Adamczyk;25
Jimmy;McGill;42
Mike;Ehrmentraut;78
Kim;Wexler;40
Chuck;McGill;65
Michał;Adamczyk;25
Jimmy;McGill;42
Mike;Ehrmentraut;78
Kim;Wexler;40
Chuck;McGill;65
Michał;Adamczyk;25
Jimmy;McGill;42
Mike;Ehrmentraut;78
Kim;Wexler;40
Chuck;McGill;65
Michał;Adamczyk;25
Jimmy;McGill;42
Mike;Ehrmentraut;78
Kim;Wexler;40
Chuck;McGill;65
Michał;Adamczyk;25
Jimmy;McGill;42
Mike;Ehrmentraut;78
Kim;Wexler;40
Chuck;McGill;65
Michał;Adamczyk;25
Jimmy;McGill;42
Mike;Ehrmentraut;78
Kim;Wexler;40
Chuck;McGill;65
Michał;Adamczyk;25
Jimmy;McGill;42
Mike;Ehrmentraut;78
Kim;Wexler;40
Chuck;McGill;65
Michał;Adamczyk;25
Jimmy;McGill;42
Mike;Ehrmentraut;78
Kim;Wexler;40
Chuck;McGill;65
Michał;Adamczyk;25
Jimmy;McGill;42
Mike;Ehrmentraut;78
Kim;Wexler;40
Chuck;McGill;65
Michał;Adamczyk;25
Jimmy;McGill;42
Mike;Ehrmentraut;78
Kim;Wexler;40
Chuck;McGill;65
Michał;Adamczyk;25
Jimmy;McGill;42
Mike;Ehrmentraut;78
Kim;Wexler;40
Chuck;McGill;65
Michał;Adamczyk;25
Jimmy;McGill;42
Mike;Ehrmentraut;78
Kim;Wexler;40
Chuck;McGill;65
Michał;Adamczyk;25
Jimmy;McGill;42
Mike;Ehrmentraut;78
Kim;Wexler;40
Chuck;McGill;65
Michał;Adamczyk;25
Jimmy;McGill;42
Mike;Ehrmentraut;78
Kim;Wexler;40
Chuck;McGill;65
Michał;Adamczyk;25
Jimmy;McGill;42
Mike;Ehrmentraut;78
Kim;Wexler;40
Chuck;McGill;65
Michał;Adamczyk;25
Jimmy;McGill;42
Mike;Ehrmentraut;78
Kim;Wexler;40
Chuck;McGill;65
Michał;Adamczyk;25
Jimmy;McGill;42
Mike;Ehrmentraut;78
Kim;Wexler;40
Chuck;McGill;65
Michał;Adamczyk;25
Jimmy;McGill;42
Mike;Ehrmentraut;78
Kim;Wexler;40
Chuck;McGill;65
Michał;Adamczyk;25
Jimmy;McGill;42
Mike;Ehrmentraut;78
Kim;Wexler;40
Chuck;McGill;65
Michał;Adamczyk;25
Jimmy;McGill;42
Mike;Ehrmentraut;78
Kim;Wexler;40
Chuck;McGill;65
Michał;Adamczyk;25
Jimmy;McGill;42
Mike;Ehrmentraut;78
Kim;Wexler;40
Chuck;McGill;65
Michał;Adamczyk;25
Jimmy;McGill;42
Mike;Ehrmentraut;78
Kim;Wexler;40
Chuck;McGill;65
Michał;Adamczyk;25
Jimmy;McGill;42
Mike;Ehrmentraut;78
Kim;Wexler;40
Chuck;McGill;65
Michał;Adamczyk;25
Jimmy;McGill;42
Mike;Ehrmentraut;78
Kim;Wexler;40
Chuck;McGill;65
Michał;Adamczyk;25
Jimmy;McGill;42
Mike;Ehrmentraut;78
Kim;Wexler;40
Chuck;McGill;65
Michał;Adamczyk;25
Jimmy;McGill;42
Mike;Ehrmentraut;78
Kim;Wexler;40
Chuck;McGill;65
Michał;Adamczyk;25
Jimmy;McGill;42
Mike;Ehrmentraut;78
Kim;Wexler;40
Chuck;McGill;65
Michał;Adamczyk;25
Jimmy;McGill;42
Mike;Ehrmentraut;78
Kim;Wexler;40
Chuck;McGill;65
Michał;Adamczyk;25
Jimmy;McGill;42
Mike;Ehrmentraut;78
Kim;Wexler;40
Chuck;McGill;65
Michał;Adamczyk;25
Jimmy;McGill;42
Mike;Ehrmentraut;78
Kim;Wexler;40
Chuck;McGill;65
Michał;Adamczyk;25
Jimmy;McGill;42
Mike;Ehrmentraut;78
Kim;Wexler;40
Chuck;McGill;65
Michał;Adamczyk;25
Jimmy;McGill;42
Mike;Ehrmentraut;78
Kim;Wexler;40
Chuck;McGill;65
Michał;Adamczyk;25
Jimmy;McGill;42
Mike;Ehrmentraut;78
Kim;Wexler;40
Chuck;McGill;65
Michał;Adamczyk;25
Jimmy;McGill;42
Mike;Ehrmentraut;78
Kim;Wexler;40
Chuck;McGill;65
Michał;Adamczyk;25
Jimmy;McGill;42
Mike;Ehrmentraut;78
Kim;Wexler;40
Chuck;McGill;65
Michał;Adamczyk;25
Jimmy;McGill;42
Mike;Ehrmentraut;78
Kim;Wexler;40
Chuck;McGill;65
Michał;Adamczyk;25
Jimmy;McGill;42
Mike;Ehrmentraut;78
Kim;Wexler;40
Chuck;McGill;65
Michał;Adamczyk;25
Jimmy;McGill;42
Mike;Ehrmentraut;78
Kim;Wexler;40
Chuck;McGill;65
Michał;Adamczyk;25
Jimmy;McGill;42
Mike;Ehrmentraut;78
Kim;Wexler;40
Chuck;McGill;65
Michał;Adamczyk;25
Jimmy;McGill;42
Mike;Ehrmentraut;78
Kim;Wexler;40
Chuck;McGill;65
Michał;Adamczyk;25
Jimmy;McGill;42
Mike;Ehrmentraut;78
Kim;Wexler;40
Chuck;McGill;65
Michał;Adamczyk;25
Jimmy;McGill;42
Mike;Ehrmentraut;78
Kim;Wexler;40
Chuck;McGill;65
Michał;Adamczyk;25
Jimmy;McGill;42
Mike;Ehrmentraut;78
Kim;Wexler;40
Chuck;McGill;65
Michał;Adamczyk;25
Jimmy;McGill;42
Mike;Ehrmentraut;78
Kim;Wexler;40
Chuck;McGill;65
Michał;Adamczyk;25
Jimmy;McGill;42
Mike;Ehrmentraut;78
Kim;Wexler;40
Chuck;McGill;65
Michał;Adamczyk;25
Jimmy;McGill;42
Mike;Ehrmentraut;78
Kim;Wexler;40
Chuck;McGill;65
Michał;Adamczyk;25
Jimmy;McGill;42
Mike;Ehrmentraut;78
Kim;Wexler;40
Chuck;McGill;65
Michał;Adamczyk;25
Jimmy;McGill;42
Mike;Ehrmentraut;78
Kim;Wexler;40
Chuck;McGill;65
Michał;Adamczyk;25
Jimmy;McGill;42
Mike;Ehrmentraut;78
Kim;Wexler;40
Chuck;McGill;65
Michał;Adamczyk;25
Jimmy;McGill;42
Mike;Ehrmentraut;78
Kim;Wexler;40
Chuck;McGill;65
Michał;Adamczyk;25
Jimmy;McGill;42
Mike;Ehrmentraut;78
Kim;Wexler;40
Chuck;McGill;65
Michał;Adamczyk;25
Jimmy;McGill;42
Mike;Ehrmentraut;78
Kim;Wexler;40
Chuck;McGill;65
Michał;Adamczyk;25
Jimmy;McGill;42
Mike;Ehrmentraut;78
Kim;Wexler;40
Chuck;McGill;65
Michał;Adamczyk;25
Jimmy;McGill;42
Mike;Ehrmentraut;78
Kim;Wexler;40
Chuck;McGill;65
Michał;Adamczyk;25
Jimmy;McGill;42
Mike;Ehrmentraut;78
Kim;Wexler;40
Chuck;McGill;65
Michał;Adamczyk;25
Jimmy;McGill;42
Mike;Ehrmentraut;78
Kim;Wexler;40
Chuck;McGill;65
Michał;Adamczyk;25
Jimmy;McGill;42
Mike;Ehrmentraut;78
Kim;Wexler;40
Chuck;McGill;65
Michał;Adamczyk;25
Jimmy;McGill;42
Mike;Ehrmentraut;78
Kim;Wexler;40
Chuck;McGill;65
Michał;Adamczyk;25
Jimmy;McGill;42
Mike;Ehrmentraut;78
Kim;Wexler;40
Chuck;McGill;65
Michał;Adamczyk;25
Jimmy;McGill;42
Mike;Ehrmentraut;78
Kim;Wexler;40
Chuck;McGill;65
Michał;Adamczyk;25
Jimmy;McGill;42
Mike;Ehrmentraut;78
Kim;Wexler;40
Chuck;McGill;65
Michał;Adamczyk;25
Jimmy;McGill;42
Mike;Ehrmentraut;78
Kim;Wexler;40
Chuck;McGill;65
Michał;Adamczyk;25
Jimmy;McGill;42
Mike;Ehrmentraut;78
Kim;Wexler;40
Chuck;McGill;65
Michał;Adamczyk;25
Jimmy;McGill;42
Mike;Ehrmentraut;78
Kim;Wexler;40
Chuck;McGill;65
Michał;Adamczyk;25
Jimmy;McGill;42
Mike;Ehrmentraut;78
Kim;Wexler;40
Chuck;McGill;65
Michał;Adamczyk;25
Jimmy;McGill;42
Mike;Ehrmentraut;78
Kim;Wexler;40
Chuck;McGill;65
Michał;Adamczyk;25
Jimmy;McGill;42
Mike;Ehrmentraut;78
Kim;Wexler;40
Chuck;McGill;65
Michał;Adamczyk;25
Jimmy;McGill;42
Mike;Ehrmentraut;78
Kim;Wexler;40
Chuck;McGill;65
Michał;Adamczyk;25
Jimmy;McGill;42
Mike;Ehrmentraut;78
Kim;Wexler;40
Chuck;McGill;65
Michał;Adamczyk;25
Jimmy;McGill;42
Mike;Ehrmentraut;78
Kim;Wexler;40
Chuck;McGill;65
Michał;Adamczyk;25
Jimmy;McGill;42
Mike;Ehrmentraut;78
Kim;Wexler;40
Chuck;McGill;65
Michał;Adamczyk;25
Jimmy;McGill;42
Mike;Ehrmentraut;78
Kim;Wexler;40
Chuck;McGill;65
Michał;Adamczyk;25
Jimmy;McGill;42
Mike;Ehrmentraut;78
Kim;Wexler;40
Chuck;McGill;65
Michał;Adamczyk;25
Jimmy;McGill;42
Mike;Ehrmentraut;78
Kim;Wexler;40
Chuck;McGill;65
Michał;Adamczyk;25
Jimmy;McGill;42
Mike;Ehrmentraut;78
Kim;Wexler;40
Chuck;McGill;65
Michał;Adamczyk;25
Jimmy;McGill;42
Mike;Ehrmentraut;78
Kim;Wexler;40
Chuck;McGill;65
Michał;Adamczyk;25
Jimmy;McGill;42
Mike;Ehrmentraut;78
Kim;Wexler;40
Chuck;McGill;65
Michał;Adamczyk;25
Jimmy;McGill;42
Mike;Ehrmentraut;78
Kim;Wexler;40
Chuck;McGill;65
Michał;Adamczyk;25
Jimmy;McGill;42
Mike;Ehrmentraut;78
Kim;Wexler;40
Chuck;McGill;65
Michał;Adamczyk;25
Jimmy;McGill;42
Mike;Ehrmentraut;78
Kim;Wexler;40
Chuck;McGill;65
Michał;Adamczyk;25
Jimmy;McGill;42
Mike;Ehrmentraut;78
Kim;Wexler;40
Chuck;McGill;65
Michał;Adamczyk;25
Jimmy;McGill;42
Mike;Ehrmentraut;78
Kim;Wexler;40
Chuck;McGill;65
Michał;Adamczyk;25
Jimmy;McGill;42
Mike;Ehrmentraut;78
Kim;Wexler;40
Chuck;McGill;65
Michał;Adamczyk;25
Jimmy;McGill;42
Mike;Ehrmentraut;78
Kim;Wexler;40
Chuck;McGill;65
Michał;Adamczyk;25
Jimmy;McGill;42
Mike;Ehrmentraut;78
Kim;Wexler;40
Chuck;McGill;65
Michał;Adamczyk;25
Jimmy;McGill;42
Mike;Ehrmentraut;78
Kim;Wexler;40
Chuck;McGill;65
Michał;Adamczyk;25
Jimmy;McGill;42
Mike;Ehrmentraut;78
Kim;Wexler;40
Chuck;McGill;65
Michał;Adamczyk;25
Jimmy;McGill;42
Mike;Ehrmentraut;78
Kim;Wexler;40
Chuck;McGill;65
Michał;Adamczyk;25
Jimmy;McGill;42
Mike;Ehrmentraut;78
Kim;Wexler;40
Chuck;McGill;65
Michał;Adamczyk;25
Jimmy;McGill;42
Mike;Ehrmentraut;78
Kim;Wexler;40
Chuck;McGill;65
Michał;Adamczyk;25
Jimmy;McGill;42
Mike;Ehrmentraut;78
Kim;Wexler;40
Chuck;McGill;65
Michał;Adamczyk;25
Jimmy;McGill;42
Mike;Ehrmentraut;78
Kim;Wexler;40
Chuck;McGill;65
Michał;Adamczyk;25
Jimmy;McGill;42
Mike;Ehrmentraut;78
Kim;Wexler;40
Chuck;McGill;65
Michał;Adamczyk;25
Jimmy;McGill;42
Mike;Ehrmentraut;78
Kim;Wexler;40
Chuck;McGill;65
Michał;Adamczyk;25
Jimmy;McGill;42
Mike;Ehrmentraut;78
Kim;Wexler;40
Chuck;McGill;65
Michał;Adamczyk;25
Jimmy;McGill;42
Mike;Ehrmentraut;78
Kim;Wexler;40
Chuck;McGill;65
Michał;Adamczyk;25
Jimmy;McGill;42
Mike;Ehrmentraut;78
Kim;Wexler;40
Chuck;McGill;65
Michał;Adamczyk;25
Jimmy;McGill;42
Mike;Ehrmentraut;78
Kim;Wexler;40
Chuck;McGill;65
Michał;Adamczyk;25
Jimmy;McGill;42
Mike;Ehrmentraut;78
Kim;Wexler;40
Chuck;McGill;65
Michał;Adamczyk;25
Jimmy;McGill;42
Mike;Ehrmentraut;78
Kim;Wexler;40
Chuck;McGill;65
Michał;Adamczyk;25
Jimmy;McGill;42
Mike;Ehrmentraut;78
Kim;Wexler;40
Chuck;McGill;65
Michał;Adamczyk;25
Jimmy;McGill;42
Mike;Ehrmentraut;78
Kim;Wexler;40
Chuck;McGill;65
Michał;Adamczyk;25
Jimmy;McGill;42
Mike;Ehrmentraut;78
Kim;Wexler;40
Chuck;McGill;65
Michał;Adamczyk;25
Jimmy;McGill;42
Mike;Ehrmentraut;78
Kim;Wexler;40
Chuck;McGill;65
Michał;Adamczyk;25
Jimmy;McGill;42
Mike;Ehrmentraut;78
Kim;Wexler;40
Chuck;McGill;65
Michał;Adamczyk;25
Jimmy;McGill;42
Mike;Ehrmentraut;78
Kim;Wexler;40
Chuck;McGill;65
Michał;Adamczyk;25
Jimmy;McGill;42
Mike;Ehrmentraut;78
Kim;Wexler;40
Chuck;McGill;65
Michał;Adamczyk;25
Jimmy;McGill;42
Mike;Ehrmentraut;78
Kim;Wexler;40
Michał;Adamczyk;25
