Michał;Adamczyk;1994-12-12
Jimmy;McGill;1978-06-01
Mike;Ehrmentraut;1941-10-12
Kim;Wexler;1980-01-06
Chuck;McGill;1955-04-30
Michał;Adamczyk;1994-12-12
Jimmy;McGill;1978-06-01
Mike;Ehrmentraut;1941-10-12
Kim;Wexler;1980-01-06
Chuck;McGill;1955-04-30
Michał;Adamczyk;1994-12-12
Jimmy;McGill;1978-06-01
Mike;Ehrmentraut;1941-10-12
Kim;Wexler;1980-01-06
Chuck;McGill;1955-04-30
Michał;Adamczyk;1994-12-12
Jimmy;McGill;1978-06-01
Mike;Ehrmentraut;1941-10-12
Kim;Wexler;1980-01-06
Chuck;McGill;1955-04-30
Michał;Adamczyk;1994-12-12
Jimmy;McGill;1978-06-01
Mike;Ehrmentraut;1941-10-12
Kim;Wexler;1980-01-06
Chuck;McGill;1955-04-30
Michał;Adamczyk;1994-12-12
Jimmy;McGill;1978-06-01
Mike;Ehrmentraut;1941-10-12
Kim;Wexler;1980-01-06
Chuck;McGill;1955-04-30
Michał;Adamczyk;1994-12-12
Jimmy;McGill;1978-06-01
Mike;Ehrmentraut;1941-10-12
Kim;Wexler;1980-01-06
Chuck;McGill;1955-04-30
Michał;Adamczyk;1994-12-12
Jimmy;McGill;1978-06-01
Mike;Ehrmentraut;1941-10-12
Kim;Wexler;1980-01-06
Chuck;McGill;1955-04-30
Michał;Adamczyk;1994-12-12
Jimmy;McGill;1978-06-01
Mike;Ehrmentraut;1941-10-12
Kim;Wexler;1980-01-06
Chuck;McGill;1955-04-30
Michał;Adamczyk;1994-12-12
Jimmy;McGill;1978-06-01
Mike;Ehrmentraut;1941-10-12
Kim;Wexler;1980-01-06
Chuck;McGill;1955-04-30
Michał;Adamczyk;1994-12-12
Jimmy;McGill;1978-06-01
Mike;Ehrmentraut;1941-10-12
Kim;Wexler;1980-01-06
Chuck;McGill;1955-04-30
Michał;Adamczyk;1994-12-12
Jimmy;McGill;1978-06-01
Mike;Ehrmentraut;1941-10-12
Kim;Wexler;1980-01-06
Chuck;McGill;1955-04-30
Michał;Adamczyk;1994-12-12
Jimmy;McGill;1978-06-01
Mike;Ehrmentraut;1941-10-12
Kim;Wexler;1980-01-06
Chuck;McGill;1955-04-30
Michał;Adamczyk;1994-12-12
Jimmy;McGill;1978-06-01
Mike;Ehrmentraut;1941-10-12
Kim;Wexler;1980-01-06
Chuck;McGill;1955-04-30
Michał;Adamczyk;1994-12-12
Jimmy;McGill;1978-06-01
Mike;Ehrmentraut;1941-10-12
Kim;Wexler;1980-01-06
Chuck;McGill;1955-04-30
Michał;Adamczyk;1994-12-12
Jimmy;McGill;1978-06-01
Mike;Ehrmentraut;1941-10-12
Kim;Wexler;1980-01-06
Chuck;McGill;1955-04-30
Michał;Adamczyk;1994-12-12
Jimmy;McGill;1978-06-01
Mike;Ehrmentraut;1941-10-12
Kim;Wexler;1980-01-06
Chuck;McGill;1955-04-30
Michał;Adamczyk;1994-12-12
Jimmy;McGill;1978-06-01
Mike;Ehrmentraut;1941-10-12
Kim;Wexler;1980-01-06
Chuck;McGill;1955-04-30
Michał;Adamczyk;1994-12-12
Jimmy;McGill;1978-06-01
Mike;Ehrmentraut;1941-10-12
Kim;Wexler;1980-01-06
Chuck;McGill;1955-04-30
Michał;Adamczyk;1994-12-12
Jimmy;McGill;1978-06-01
Mike;Ehrmentraut;1941-10-12
Kim;Wexler;1980-01-06
Chuck;McGill;1955-04-30
Michał;Adamczyk;1994-12-12
Jimmy;McGill;1978-06-01
Mike;Ehrmentraut;1941-10-12
Kim;Wexler;1980-01-06
Chuck;McGill;1955-04-30
Michał;Adamczyk;1994-12-12
Jimmy;McGill;1978-06-01
Mike;Ehrmentraut;1941-10-12
Kim;Wexler;1980-01-06
Chuck;McGill;1955-04-30
Michał;Adamczyk;1994-12-12
Jimmy;McGill;1978-06-01
Mike;Ehrmentraut;1941-10-12
Kim;Wexler;1980-01-06
Chuck;McGill;1955-04-30
Michał;Adamczyk;1994-12-12
Jimmy;McGill;1978-06-01
Mike;Ehrmentraut;1941-10-12
Kim;Wexler;1980-01-06
Chuck;McGill;1955-04-30
Michał;Adamczyk;1994-12-12
Jimmy;McGill;1978-06-01
Mike;Ehrmentraut;1941-10-12
Kim;Wexler;1980-01-06
Chuck;McGill;1955-04-30
Michał;Adamczyk;1994-12-12
Jimmy;McGill;1978-06-01
Mike;Ehrmentraut;1941-10-12
Kim;Wexler;1980-01-06
Chuck;McGill;1955-04-30
Michał;Adamczyk;1994-12-12
Jimmy;McGill;1978-06-01
Mike;Ehrmentraut;1941-10-12
Kim;Wexler;1980-01-06
Chuck;McGill;1955-04-30
Michał;Adamczyk;1994-12-12
Jimmy;McGill;1978-06-01
Mike;Ehrmentraut;1941-10-12
Kim;Wexler;1980-01-06
Chuck;McGill;1955-04-30
Michał;Adamczyk;1994-12-12
Jimmy;McGill;1978-06-01
Mike;Ehrmentraut;1941-10-12
Kim;Wexler;1980-01-06
Chuck;McGill;1955-04-30
Michał;Adamczyk;1994-12-12
Jimmy;McGill;1978-06-01
Mike;Ehrmentraut;1941-10-12
Kim;Wexler;1980-01-06
Chuck;McGill;1955-04-30
Michał;Adamczyk;1994-12-12
Jimmy;McGill;1978-06-01
Mike;Ehrmentraut;1941-10-12
Kim;Wexler;1980-01-06
Chuck;McGill;1955-04-30
Michał;Adamczyk;1994-12-12
Jimmy;McGill;1978-06-01
Mike;Ehrmentraut;1941-10-12
Kim;Wexler;1980-01-06
Chuck;McGill;1955-04-30
Michał;Adamczyk;1994-12-12
Jimmy;McGill;1978-06-01
Mike;Ehrmentraut;1941-10-12
Kim;Wexler;1980-01-06
Chuck;McGill;1955-04-30
Michał;Adamczyk;1994-12-12
Jimmy;McGill;1978-06-01
Mike;Ehrmentraut;1941-10-12
Kim;Wexler;1980-01-06
Chuck;McGill;1955-04-30
Michał;Adamczyk;1994-12-12
Jimmy;McGill;1978-06-01
Mike;Ehrmentraut;1941-10-12
Kim;Wexler;1980-01-06
Chuck;McGill;1955-04-30
Michał;Adamczyk;1994-12-12
Jimmy;McGill;1978-06-01
Mike;Ehrmentraut;1941-10-12
Kim;Wexler;1980-01-06
Chuck;McGill;1955-04-30
Michał;Adamczyk;1994-12-12
Jimmy;McGill;1978-06-01
Mike;Ehrmentraut;1941-10-12
Kim;Wexler;1980-01-06
Chuck;McGill;1955-04-30
Michał;Adamczyk;1994-12-12
Jimmy;McGill;1978-06-01
Mike;Ehrmentraut;1941-10-12
Kim;Wexler;1980-01-06
Chuck;McGill;1955-04-30
Michał;Adamczyk;1994-12-12
Jimmy;McGill;1978-06-01
Mike;Ehrmentraut;1941-10-12
Kim;Wexler;1980-01-06
Chuck;McGill;1955-04-30
Michał;Adamczyk;1994-12-12
Jimmy;McGill;1978-06-01
Mike;Ehrmentraut;1941-10-12
Kim;Wexler;1980-01-06
Chuck;McGill;1955-04-30
Michał;Adamczyk;1994-12-12
Jimmy;McGill;1978-06-01
Mike;Ehrmentraut;1941-10-12
Kim;Wexler;1980-01-06
Chuck;McGill;1955-04-30
Michał;Adamczyk;1994-12-12
Jimmy;McGill;1978-06-01
Mike;Ehrmentraut;1941-10-12
Kim;Wexler;1980-01-06
Chuck;McGill;1955-04-30
Michał;Adamczyk;1994-12-12
Jimmy;McGill;1978-06-01
Mike;Ehrmentraut;1941-10-12
Kim;Wexler;1980-01-06
Chuck;McGill;1955-04-30
Michał;Adamczyk;1994-12-12
Jimmy;McGill;1978-06-01
Mike;Ehrmentraut;1941-10-12
Kim;Wexler;1980-01-06
Chuck;McGill;1955-04-30
Michał;Adamczyk;1994-12-12
Jimmy;McGill;1978-06-01
Mike;Ehrmentraut;1941-10-12
Kim;Wexler;1980-01-06
Chuck;McGill;1955-04-30
Michał;Adamczyk;1994-12-12
Jimmy;McGill;1978-06-01
Mike;Ehrmentraut;1941-10-12
Kim;Wexler;1980-01-06
Chuck;McGill;1955-04-30
Michał;Adamczyk;1994-12-12
Jimmy;McGill;1978-06-01
Mike;Ehrmentraut;1941-10-12
Kim;Wexler;1980-01-06
Chuck;McGill;1955-04-30
Michał;Adamczyk;1994-12-12
Jimmy;McGill;1978-06-01
Mike;Ehrmentraut;1941-10-12
Kim;Wexler;1980-01-06
Chuck;McGill;1955-04-30
Michał;Adamczyk;1994-12-12
Jimmy;McGill;1978-06-01
Mike;Ehrmentraut;1941-10-12
Kim;Wexler;1980-01-06
Chuck;McGill;1955-04-30
Michał;Adamczyk;1994-12-12
Jimmy;McGill;1978-06-01
Mike;Ehrmentraut;1941-10-12
Kim;Wexler;1980-01-06
Chuck;McGill;1955-04-30
Michał;Adamczyk;1994-12-12
Jimmy;McGill;1978-06-01
Mike;Ehrmentraut;1941-10-12
Kim;Wexler;1980-01-06
Chuck;McGill;1955-04-30
Michał;Adamczyk;1994-12-12
Jimmy;McGill;1978-06-01
Mike;Ehrmentraut;1941-10-12
Kim;Wexler;1980-01-06
Chuck;McGill;1955-04-30
Michał;Adamczyk;1994-12-12
Jimmy;McGill;1978-06-01
Mike;Ehrmentraut;1941-10-12
Kim;Wexler;1980-01-06
Chuck;McGill;1955-04-30
Michał;Adamczyk;1994-12-12
Jimmy;McGill;1978-06-01
Mike;Ehrmentraut;1941-10-12
Kim;Wexler;1980-01-06
Chuck;McGill;1955-04-30
Michał;Adamczyk;1994-12-12
Jimmy;McGill;1978-06-01
Mike;Ehrmentraut;1941-10-12
Kim;Wexler;1980-01-06
Chuck;McGill;1955-04-30
Michał;Adamczyk;1994-12-12
Jimmy;McGill;1978-06-01
Mike;Ehrmentraut;1941-10-12
Kim;Wexler;1980-01-06
Chuck;McGill;1955-04-30
Michał;Adamczyk;1994-12-12
Jimmy;McGill;1978-06-01
Mike;Ehrmentraut;1941-10-12
Kim;Wexler;1980-01-06
Chuck;McGill;1955-04-30
Michał;Adamczyk;1994-12-12
Jimmy;McGill;1978-06-01
Mike;Ehrmentraut;1941-10-12
Kim;Wexler;1980-01-06
Chuck;McGill;1955-04-30
Michał;Adamczyk;1994-12-12
Jimmy;McGill;1978-06-01
Mike;Ehrmentraut;1941-10-12
Kim;Wexler;1980-01-06
Chuck;McGill;1955-04-30
Michał;Adamczyk;1994-12-12
Jimmy;McGill;1978-06-01
Mike;Ehrmentraut;1941-10-12
Kim;Wexler;1980-01-06
Chuck;McGill;1955-04-30
Michał;Adamczyk;1994-12-12
Jimmy;McGill;1978-06-01
Mike;Ehrmentraut;1941-10-12
Kim;Wexler;1980-01-06
Chuck;McGill;1955-04-30
Michał;Adamczyk;1994-12-12
Jimmy;McGill;1978-06-01
Mike;Ehrmentraut;1941-10-12
Kim;Wexler;1980-01-06
Chuck;McGill;1955-04-30
Michał;Adamczyk;1994-12-12
Jimmy;McGill;1978-06-01
Mike;Ehrmentraut;1941-10-12
Kim;Wexler;1980-01-06
Chuck;McGill;1955-04-30
Michał;Adamczyk;1994-12-12
Jimmy;McGill;1978-06-01
Mike;Ehrmentraut;1941-10-12
Kim;Wexler;1980-01-06
Chuck;McGill;1955-04-30
Michał;Adamczyk;1994-12-12
Jimmy;McGill;1978-06-01
Mike;Ehrmentraut;1941-10-12
Kim;Wexler;1980-01-06
Chuck;McGill;1955-04-30
Michał;Adamczyk;1994-12-12
Jimmy;McGill;1978-06-01
Mike;Ehrmentraut;1941-10-12
Kim;Wexler;1980-01-06
Chuck;McGill;1955-04-30
Michał;Adamczyk;1994-12-12
Jimmy;McGill;1978-06-01
Mike;Ehrmentraut;1941-10-12
Kim;Wexler;1980-01-06
Chuck;McGill;1955-04-30
Michał;Adamczyk;1994-12-12
Jimmy;McGill;1978-06-01
Mike;Ehrmentraut;1941-10-12
Kim;Wexler;1980-01-06
Chuck;McGill;1955-04-30
Michał;Adamczyk;1994-12-12
Jimmy;McGill;1978-06-01
Mike;Ehrmentraut;1941-10-12
Kim;Wexler;1980-01-06
Chuck;McGill;1955-04-30
Michał;Adamczyk;1994-12-12
Jimmy;McGill;1978-06-01
Mike;Ehrmentraut;1941-10-12
Kim;Wexler;1980-01-06
Chuck;McGill;1955-04-30
Michał;Adamczyk;1994-12-12
Jimmy;McGill;1978-06-01
Mike;Ehrmentraut;1941-10-12
Kim;Wexler;1980-01-06
Chuck;McGill;1955-04-30
Michał;Adamczyk;1994-12-12
Jimmy;McGill;1978-06-01
Mike;Ehrmentraut;1941-10-12
Kim;Wexler;1980-01-06
Chuck;McGill;1955-04-30
Michał;Adamczyk;1994-12-12
Jimmy;McGill;1978-06-01
Mike;Ehrmentraut;1941-10-12
Kim;Wexler;1980-01-06
Chuck;McGill;1955-04-30
Michał;Adamczyk;1994-12-12
Jimmy;McGill;1978-06-01
Mike;Ehrmentraut;1941-10-12
Kim;Wexler;1980-01-06
Chuck;McGill;1955-04-30
Michał;Adamczyk;1994-12-12
Jimmy;McGill;1978-06-01
Mike;Ehrmentraut;1941-10-12
Kim;Wexler;1980-01-06
Chuck;McGill;1955-04-30
Michał;Adamczyk;1994-12-12
Jimmy;McGill;1978-06-01
Mike;Ehrmentraut;1941-10-12
Kim;Wexler;1980-01-06
Chuck;McGill;1955-04-30
Michał;Adamczyk;1994-12-12
Jimmy;McGill;1978-06-01
Mike;Ehrmentraut;1941-10-12
Kim;Wexler;1980-01-06
Chuck;McGill;1955-04-30
Michał;Adamczyk;1994-12-12
Jimmy;McGill;1978-06-01
Mike;Ehrmentraut;1941-10-12
Kim;Wexler;1980-01-06
Chuck;McGill;1955-04-30
Michał;Adamczyk;1994-12-12
Jimmy;McGill;1978-06-01
Mike;Ehrmentraut;1941-10-12
Kim;Wexler;1980-01-06
Chuck;McGill;1955-04-30
Michał;Adamczyk;1994-12-12
Jimmy;McGill;1978-06-01
Mike;Ehrmentraut;1941-10-12
Kim;Wexler;1980-01-06
Chuck;McGill;1955-04-30
Michał;Adamczyk;1994-12-12
Jimmy;McGill;1978-06-01
Mike;Ehrmentraut;1941-10-12
Kim;Wexler;1980-01-06
Chuck;McGill;1955-04-30
Michał;Adamczyk;1994-12-12
Jimmy;McGill;1978-06-01
Mike;Ehrmentraut;1941-10-12
Kim;Wexler;1980-01-06
Chuck;McGill;1955-04-30
Michał;Adamczyk;1994-12-12
Jimmy;McGill;1978-06-01
Mike;Ehrmentraut;1941-10-12
Kim;Wexler;1980-01-06
Chuck;McGill;1955-04-30
Michał;Adamczyk;1994-12-12
Jimmy;McGill;1978-06-01
Mike;Ehrmentraut;1941-10-12
Kim;Wexler;1980-01-06
Chuck;McGill;1955-04-30
Michał;Adamczyk;1994-12-12
Jimmy;McGill;1978-06-01
Mike;Ehrmentraut;1941-10-12
Kim;Wexler;1980-01-06
Chuck;McGill;1955-04-30
Michał;Adamczyk;1994-12-12
Jimmy;McGill;1978-06-01
Mike;Ehrmentraut;1941-10-12
Kim;Wexler;1980-01-06
Chuck;McGill;1955-04-30
Michał;Adamczyk;1994-12-12
Jimmy;McGill;1978-06-01
Mike;Ehrmentraut;1941-10-12
Kim;Wexler;1980-01-06
Chuck;McGill;1955-04-30
Michał;Adamczyk;1994-12-12
Jimmy;McGill;1978-06-01
Mike;Ehrmentraut;1941-10-12
Kim;Wexler;1980-01-06
Chuck;McGill;1955-04-30
Michał;Adamczyk;1994-12-12
Jimmy;McGill;1978-06-01
Mike;Ehrmentraut;1941-10-12
Kim;Wexler;1980-01-06
Chuck;McGill;1955-04-30
Michał;Adamczyk;1994-12-12
Jimmy;McGill;1978-06-01
Mike;Ehrmentraut;1941-10-12
Kim;Wexler;1980-01-06
Chuck;McGill;1955-04-30
Michał;Adamczyk;1994-12-12
Jimmy;McGill;1978-06-01
Mike;Ehrmentraut;1941-10-12
Kim;Wexler;1980-01-06
Chuck;McGill;1955-04-30
Michał;Adamczyk;1994-12-12
Jimmy;McGill;1978-06-01
Mike;Ehrmentraut;1941-10-12
Kim;Wexler;1980-01-06
Chuck;McGill;1955-04-30
Michał;Adamczyk;1994-12-12
Jimmy;McGill;1978-06-01
Mike;Ehrmentraut;1941-10-12
Kim;Wexler;1980-01-06
Chuck;McGill;1955-04-30
Michał;Adamczyk;1994-12-12
Jimmy;McGill;1978-06-01
Mike;Ehrmentraut;1941-10-12
Kim;Wexler;1980-01-06
Chuck;McGill;1955-04-30
Michał;Adamczyk;1994-12-12
Jimmy;McGill;1978-06-01
Mike;Ehrmentraut;1941-10-12
Kim;Wexler;1980-01-06
Chuck;McGill;1955-04-30
Michał;Adamczyk;1994-12-12
Jimmy;McGill;1978-06-01
Mike;Ehrmentraut;1941-10-12
Kim;Wexler;1980-01-06
Chuck;McGill;1955-04-30
Michał;Adamczyk;1994-12-12
Jimmy;McGill;1978-06-01
Mike;Ehrmentraut;1941-10-12
Kim;Wexler;1980-01-06
Chuck;McGill;1955-04-30
Michał;Adamczyk;1994-12-12
Jimmy;McGill;1978-06-01
Mike;Ehrmentraut;1941-10-12
Kim;Wexler;1980-01-06
Chuck;McGill;1955-04-30
Michał;Adamczyk;1994-12-12
Jimmy;McGill;1978-06-01
Mike;Ehrmentraut;1941-10-12
Kim;Wexler;1980-01-06
Chuck;McGill;1955-04-30
Michał;Adamczyk;1994-12-12
Jimmy;McGill;1978-06-01
Mike;Ehrmentraut;1941-10-12
Kim;Wexler;1980-01-06
Chuck;McGill;1955-04-30
Michał;Adamczyk;1994-12-12
Jimmy;McGill;1978-06-01
Mike;Ehrmentraut;1941-10-12
Kim;Wexler;1980-01-06
Chuck;McGill;1955-04-30
Michał;Adamczyk;1994-12-12
Jimmy;McGill;1978-06-01
Mike;Ehrmentraut;1941-10-12
Kim;Wexler;1980-01-06
Chuck;McGill;1955-04-30
Michał;Adamczyk;1994-12-12
Jimmy;McGill;1978-06-01
Mike;Ehrmentraut;1941-10-12
Kim;Wexler;1980-01-06
Chuck;McGill;1955-04-30
Michał;Adamczyk;1994-12-12
Jimmy;McGill;1978-06-01
Mike;Ehrmentraut;1941-10-12
Kim;Wexler;1980-01-06
Chuck;McGill;1955-04-30
Michał;Adamczyk;1994-12-12
Jimmy;McGill;1978-06-01
Mike;Ehrmentraut;1941-10-12
Kim;Wexler;1980-01-06
Chuck;McGill;1955-04-30
Michał;Adamczyk;1994-12-12
Jimmy;McGill;1978-06-01
Mike;Ehrmentraut;1941-10-12
Kim;Wexler;1980-01-06
Chuck;McGill;1955-04-30
Michał;Adamczyk;1994-12-12
Jimmy;McGill;1978-06-01
Mike;Ehrmentraut;1941-10-12
Kim;Wexler;1980-01-06
Chuck;McGill;1955-04-30
Michał;Adamczyk;1994-12-12
Jimmy;McGill;1978-06-01
Mike;Ehrmentraut;1941-10-12
Kim;Wexler;1980-01-06
Chuck;McGill;1955-04-30
Michał;Adamczyk;1994-12-12
Jimmy;McGill;1978-06-01
Mike;Ehrmentraut;1941-10-12
Kim;Wexler;1980-01-06
Chuck;McGill;1955-04-30
Michał;Adamczyk;1994-12-12
Jimmy;McGill;1978-06-01
Mike;Ehrmentraut;1941-10-12
Kim;Wexler;1980-01-06
Chuck;McGill;1955-04-30
Michał;Adamczyk;1994-12-12
Jimmy;McGill;1978-06-01
Mike;Ehrmentraut;1941-10-12
Kim;Wexler;1980-01-06
Chuck;McGill;1955-04-30
Michał;Adamczyk;1994-12-12
Jimmy;McGill;1978-06-01
Mike;Ehrmentraut;1941-10-12
Kim;Wexler;1980-01-06
Chuck;McGill;1955-04-30
Michał;Adamczyk;1994-12-12
Jimmy;McGill;1978-06-01
Mike;Ehrmentraut;1941-10-12
Kim;Wexler;1980-01-06
Chuck;McGill;1955-04-30
Michał;Adamczyk;1994-12-12
Jimmy;McGill;1978-06-01
Mike;Ehrmentraut;1941-10-12
Kim;Wexler;1980-01-06
Chuck;McGill;1955-04-30
Michał;Adamczyk;1994-12-12
Jimmy;McGill;1978-06-01
Mike;Ehrmentraut;1941-10-12
Kim;Wexler;1980-01-06
Chuck;McGill;1955-04-30
Michał;Adamczyk;1994-12-12
Jimmy;McGill;1978-06-01
Mike;Ehrmentraut;1941-10-12
Kim;Wexler;1980-01-06
Chuck;McGill;1955-04-30
Michał;Adamczyk;1994-12-12
Jimmy;McGill;1978-06-01
Mike;Ehrmentraut;1941-10-12
Kim;Wexler;1980-01-06
Chuck;McGill;1955-04-30
Michał;Adamczyk;1994-12-12
Jimmy;McGill;1978-06-01
Mike;Ehrmentraut;1941-10-12
Kim;Wexler;1980-01-06
Chuck;McGill;1955-04-30
Michał;Adamczyk;1994-12-12
Jimmy;McGill;1978-06-01
Mike;Ehrmentraut;1941-10-12
Kim;Wexler;1980-01-06
Chuck;McGill;1955-04-30
Michał;Adamczyk;1994-12-12
Jimmy;McGill;1978-06-01
Mike;Ehrmentraut;1941-10-12
Kim;Wexler;1980-01-06
Chuck;McGill;1955-04-30
Michał;Adamczyk;1994-12-12
Jimmy;McGill;1978-06-01
Mike;Ehrmentraut;1941-10-12
Kim;Wexler;1980-01-06
Chuck;McGill;1955-04-30
Michał;Adamczyk;1994-12-12
Jimmy;McGill;1978-06-01
Mike;Ehrmentraut;1941-10-12
Kim;Wexler;1980-01-06
Chuck;McGill;1955-04-30
Michał;Adamczyk;1994-12-12
Jimmy;McGill;1978-06-01
Mike;Ehrmentraut;1941-10-12
Kim;Wexler;1980-01-06
Chuck;McGill;1955-04-30
Michał;Adamczyk;1994-12-12
Jimmy;McGill;1978-06-01
Mike;Ehrmentraut;1941-10-12
Kim;Wexler;1980-01-06
Chuck;McGill;1955-04-30
Michał;Adamczyk;1994-12-12
Jimmy;McGill;1978-06-01
Mike;Ehrmentraut;1941-10-12
Kim;Wexler;1980-01-06
Chuck;McGill;1955-04-30
Michał;Adamczyk;1994-12-12
Jimmy;McGill;1978-06-01
Mike;Ehrmentraut;1941-10-12
Kim;Wexler;1980-01-06
Chuck;McGill;1955-04-30
Michał;Adamczyk;1994-12-12
Jimmy;McGill;1978-06-01
Mike;Ehrmentraut;1941-10-12
Kim;Wexler;1980-01-06
Chuck;McGill;1955-04-30
Michał;Adamczyk;1994-12-12
Jimmy;McGill;1978-06-01
Mike;Ehrmentraut;1941-10-12
Kim;Wexler;1980-01-06
Chuck;McGill;1955-04-30
Michał;Adamczyk;1994-12-12
Jimmy;McGill;1978-06-01
Mike;Ehrmentraut;1941-10-12
Kim;Wexler;1980-01-06
Chuck;McGill;1955-04-30
Michał;Adamczyk;1994-12-12
Jimmy;McGill;1978-06-01
Mike;Ehrmentraut;1941-10-12
Kim;Wexler;1980-01-06
Chuck;McGill;1955-04-30
Michał;Adamczyk;1994-12-12
Jimmy;McGill;1978-06-01
Mike;Ehrmentraut;1941-10-12
Kim;Wexler;1980-01-06
Chuck;McGill;1955-04-30
Michał;Adamczyk;1994-12-12
Jimmy;McGill;1978-06-01
Mike;Ehrmentraut;1941-10-12
Kim;Wexler;1980-01-06
Chuck;McGill;1955-04-30
Michał;Adamczyk;1994-12-12
Jimmy;McGill;1978-06-01
Mike;Ehrmentraut;1941-10-12
Kim;Wexler;1980-01-06
Chuck;McGill;1955-04-30
Michał;Adamczyk;1994-12-12
Jimmy;McGill;1978-06-01
Mike;Ehrmentraut;1941-10-12
Kim;Wexler;1980-01-06
Chuck;McGill;1955-04-30
Michał;Adamczyk;1994-12-12
Jimmy;McGill;1978-06-01
Mike;Ehrmentraut;1941-10-12
Kim;Wexler;1980-01-06
Chuck;McGill;1955-04-30
Michał;Adamczyk;1994-12-12
Jimmy;McGill;1978-06-01
Mike;Ehrmentraut;1941-10-12
Kim;Wexler;1980-01-06
Chuck;McGill;1955-04-30
Michał;Adamczyk;1994-12-12
Jimmy;McGill;1978-06-01
Mike;Ehrmentraut;1941-10-12
Kim;Wexler;1980-01-06
Chuck;McGill;1955-04-30
Michał;Adamczyk;1994-12-12
Jimmy;McGill;1978-06-01
Mike;Ehrmentraut;1941-10-12
Kim;Wexler;1980-01-06
Chuck;McGill;1955-04-30
Michał;Adamczyk;1994-12-12
Jimmy;McGill;1978-06-01
Mike;Ehrmentraut;1941-10-12
Kim;Wexler;1980-01-06
Chuck;McGill;1955-04-30
Michał;Adamczyk;1994-12-12
Jimmy;McGill;1978-06-01
Mike;Ehrmentraut;1941-10-12
Kim;Wexler;1980-01-06
Chuck;McGill;1955-04-30
Michał;Adamczyk;1994-12-12
Jimmy;McGill;1978-06-01
Mike;Ehrmentraut;1941-10-12
Kim;Wexler;1980-01-06
Chuck;McGill;1955-04-30
Michał;Adamczyk;1994-12-12
Jimmy;McGill;1978-06-01
Mike;Ehrmentraut;1941-10-12
Kim;Wexler;1980-01-06
Chuck;McGill;1955-04-30
Michał;Adamczyk;1994-12-12
Jimmy;McGill;1978-06-01
Mike;Ehrmentraut;1941-10-12
Kim;Wexler;1980-01-06
Chuck;McGill;1955-04-30
Michał;Adamczyk;1994-12-12
Jimmy;McGill;1978-06-01
Mike;Ehrmentraut;1941-10-12
Kim;Wexler;1980-01-06
Chuck;McGill;1955-04-30
Michał;Adamczyk;1994-12-12
Jimmy;McGill;1978-06-01
Mike;Ehrmentraut;1941-10-12
Kim;Wexler;1980-01-06
Chuck;McGill;1955-04-30
Michał;Adamczyk;1994-12-12
Jimmy;McGill;1978-06-01
Mike;Ehrmentraut;1941-10-12
Kim;Wexler;1980-01-06
Chuck;McGill;1955-04-30
Michał;Adamczyk;1994-12-12
Jimmy;McGill;1978-06-01
Mike;Ehrmentraut;1941-10-12
Kim;Wexler;1980-01-06
Chuck;McGill;1955-04-30
Michał;Adamczyk;1994-12-12
Jimmy;McGill;1978-06-01
Mike;Ehrmentraut;1941-10-12
Kim;Wexler;1980-01-06
Chuck;McGill;1955-04-30
Michał;Adamczyk;1994-12-12
Jimmy;McGill;1978-06-01
Mike;Ehrmentraut;1941-10-12
Kim;Wexler;1980-01-06
Chuck;McGill;1955-04-30
Michał;Adamczyk;1994-12-12
Jimmy;McGill;1978-06-01
Mike;Ehrmentraut;1941-10-12
Kim;Wexler;1980-01-06
Chuck;McGill;1955-04-30
Michał;Adamczyk;1994-12-12
Jimmy;McGill;1978-06-01
Mike;Ehrmentraut;1941-10-12
Kim;Wexler;1980-01-06
Chuck;McGill;1955-04-30
Michał;Adamczyk;1994-12-12
Jimmy;McGill;1978-06-01
Mike;Ehrmentraut;1941-10-12
Kim;Wexler;1980-01-06
Chuck;McGill;1955-04-30
Michał;Adamczyk;1994-12-12
Jimmy;McGill;1978-06-01
Mike;Ehrmentraut;1941-10-12
Kim;Wexler;1980-01-06
Chuck;McGill;1955-04-30
Michał;Adamczyk;1994-12-12
Jimmy;McGill;1978-06-01
Mike;Ehrmentraut;1941-10-12
Kim;Wexler;1980-01-06
Chuck;McGill;1955-04-30
Michał;Adamczyk;1994-12-12
Jimmy;McGill;1978-06-01
Mike;Ehrmentraut;1941-10-12
Kim;Wexler;1980-01-06
Chuck;McGill;1955-04-30
Michał;Adamczyk;1994-12-12
Jimmy;McGill;1978-06-01
Mike;Ehrmentraut;1941-10-12
Kim;Wexler;1980-01-06
Chuck;McGill;1955-04-30
Michał;Adamczyk;1994-12-12
Jimmy;McGill;1978-06-01
Mike;Ehrmentraut;1941-10-12
Kim;Wexler;1980-01-06
Chuck;McGill;1955-04-30
Michał;Adamczyk;1994-12-12
Jimmy;McGill;1978-06-01
Mike;Ehrmentraut;1941-10-12
Kim;Wexler;1980-01-06
Chuck;McGill;1955-04-30
Michał;Adamczyk;1994-12-12
Jimmy;McGill;1978-06-01
Mike;Ehrmentraut;1941-10-12
Kim;Wexler;1980-01-06
Chuck;McGill;1955-04-30
Michał;Adamczyk;1994-12-12
Jimmy;McGill;1978-06-01
Mike;Ehrmentraut;1941-10-12
Kim;Wexler;1980-01-06
Chuck;McGill;1955-04-30
Michał;Adamczyk;1994-12-12
Jimmy;McGill;1978-06-01
Mike;Ehrmentraut;1941-10-12
Kim;Wexler;1980-01-06
Chuck;McGill;1955-04-30
Michał;Adamczyk;1994-12-12
Jimmy;McGill;1978-06-01
Mike;Ehrmentraut;1941-10-12
Kim;Wexler;1980-01-06
Chuck;McGill;1955-04-30
Michał;Adamczyk;1994-12-12
Jimmy;McGill;1978-06-01
Mike;Ehrmentraut;1941-10-12
Kim;Wexler;1980-01-06
Chuck;McGill;1955-04-30
Michał;Adamczyk;1994-12-12
Jimmy;McGill;1978-06-01
Mike;Ehrmentraut;1941-10-12
Kim;Wexler;1980-01-06
Chuck;McGill;1955-04-30
Michał;Adamczyk;1994-12-12
Jimmy;McGill;1978-06-01
Mike;Ehrmentraut;1941-10-12
Kim;Wexler;1980-01-06
Chuck;McGill;1955-04-30
Michał;Adamczyk;1994-12-12
Jimmy;McGill;1978-06-01
Mike;Ehrmentraut;1941-10-12
Kim;Wexler;1980-01-06
Chuck;McGill;1955-04-30
Michał;Adamczyk;1994-12-12
Jimmy;McGill;1978-06-01
Mike;Ehrmentraut;1941-10-12
Kim;Wexler;1980-01-06
Chuck;McGill;1955-04-30
Michał;Adamczyk;1994-12-12
Jimmy;McGill;1978-06-01
Mike;Ehrmentraut;1941-10-12
Kim;Wexler;1980-01-06
Chuck;McGill;1955-04-30
Michał;Adamczyk;1994-12-12
Jimmy;McGill;1978-06-01
Mike;Ehrmentraut;1941-10-12
Kim;Wexler;1980-01-06
Chuck;McGill;1955-04-30
Michał;Adamczyk;1994-12-12
Jimmy;McGill;1978-06-01
Mike;Ehrmentraut;1941-10-12
Kim;Wexler;1980-01-06
Chuck;McGill;1955-04-30
Michał;Adamczyk;1994-12-12
Jimmy;McGill;1978-06-01
Mike;Ehrmentraut;1941-10-12
Kim;Wexler;1980-01-06
Chuck;McGill;1955-04-30
Michał;Adamczyk;1994-12-12
Jimmy;McGill;1978-06-01
Mike;Ehrmentraut;1941-10-12
Kim;Wexler;1980-01-06
Chuck;McGill;1955-04-30
Michał;Adamczyk;1994-12-12
Jimmy;McGill;1978-06-01
Mike;Ehrmentraut;1941-10-12
Kim;Wexler;1980-01-06
Chuck;McGill;1955-04-30
Michał;Adamczyk;1994-12-12
Jimmy;McGill;1978-06-01
Mike;Ehrmentraut;1941-10-12
Kim;Wexler;1980-01-06
Chuck;McGill;1955-04-30
Michał;Adamczyk;1994-12-12
Jimmy;McGill;1978-06-01
Mike;Ehrmentraut;1941-10-12
Kim;Wexler;1980-01-06
Chuck;McGill;1955-04-30
Michał;Adamczyk;1994-12-12
Jimmy;McGill;1978-06-01
Mike;Ehrmentraut;1941-10-12
Kim;Wexler;1980-01-06
Chuck;McGill;1955-04-30
Michał;Adamczyk;1994-12-12
Jimmy;McGill;1978-06-01
Mike;Ehrmentraut;1941-10-12
Kim;Wexler;1980-01-06
Chuck;McGill;1955-04-30
Michał;Adamczyk;1994-12-12
Jimmy;McGill;1978-06-01
Mike;Ehrmentraut;1941-10-12
Kim;Wexler;1980-01-06
Chuck;McGill;1955-04-30
Michał;Adamczyk;1994-12-12
Jimmy;McGill;1978-06-01
Mike;Ehrmentraut;1941-10-12
Kim;Wexler;1980-01-06
Chuck;McGill;1955-04-30
Michał;Adamczyk;1994-12-12
Jimmy;McGill;1978-06-01
Mike;Ehrmentraut;1941-10-12
Kim;Wexler;1980-01-06
Chuck;McGill;1955-04-30
Michał;Adamczyk;1994-12-12
Jimmy;McGill;1978-06-01
Mike;Ehrmentraut;1941-10-12
Kim;Wexler;1980-01-06
Chuck;McGill;1955-04-30
Michał;Adamczyk;1994-12-12
Jimmy;McGill;1978-06-01
Mike;Ehrmentraut;1941-10-12
Kim;Wexler;1980-01-06
Chuck;McGill;1955-04-30
Michał;Adamczyk;1994-12-12
Jimmy;McGill;1978-06-01
Mike;Ehrmentraut;1941-10-12
Kim;Wexler;1980-01-06
Chuck;McGill;1955-04-30
Michał;Adamczyk;1994-12-12
Jimmy;McGill;1978-06-01
Mike;Ehrmentraut;1941-10-12
Kim;Wexler;1980-01-06
Chuck;McGill;1955-04-30
Michał;Adamczyk;1994-12-12
Jimmy;McGill;1978-06-01
Mike;Ehrmentraut;1941-10-12
Kim;Wexler;1980-01-06
Chuck;McGill;1955-04-30
Michał;Adamczyk;1994-12-12
Jimmy;McGill;1978-06-01
Mike;Ehrmentraut;1941-10-12
Kim;Wexler;1980-01-06
Chuck;McGill;1955-04-30
Michał;Adamczyk;1994-12-12
Jimmy;McGill;1978-06-01
Mike;Ehrmentraut;1941-10-12
Kim;Wexler;1980-01-06
Chuck;McGill;1955-04-30
Michał;Adamczyk;1994-12-12
Jimmy;McGill;1978-06-01
Mike;Ehrmentraut;1941-10-12
Kim;Wexler;1980-01-06
Chuck;McGill;1955-04-30
Michał;Adamczyk;1994-12-12
Jimmy;McGill;1978-06-01
Mike;Ehrmentraut;1941-10-12
Kim;Wexler;1980-01-06
Chuck;McGill;1955-04-30
Michał;Adamczyk;1994-12-12
Jimmy;McGill;1978-06-01
Mike;Ehrmentraut;1941-10-12
Kim;Wexler;1980-01-06
Chuck;McGill;1955-04-30
Michał;Adamczyk;1994-12-12
Jimmy;McGill;1978-06-01
Mike;Ehrmentraut;1941-10-12
Kim;Wexler;1980-01-06
Chuck;McGill;1955-04-30
Michał;Adamczyk;1994-12-12
Jimmy;McGill;1978-06-01
Mike;Ehrmentraut;1941-10-12
Kim;Wexler;1980-01-06
Chuck;McGill;1955-04-30
Michał;Adamczyk;1994-12-12
Jimmy;McGill;1978-06-01
Mike;Ehrmentraut;1941-10-12
Kim;Wexler;1980-01-06
Chuck;McGill;1955-04-30
Michał;Adamczyk;1994-12-12
Jimmy;McGill;1978-06-01
Mike;Ehrmentraut;1941-10-12
Kim;Wexler;1980-01-06
Chuck;McGill;1955-04-30
Michał;Adamczyk;1994-12-12
Jimmy;McGill;1978-06-01
Mike;Ehrmentraut;1941-10-12
Kim;Wexler;1980-01-06
Chuck;McGill;1955-04-30
Michał;Adamczyk;1994-12-12
Jimmy;McGill;1978-06-01
Mike;Ehrmentraut;1941-10-12
Kim;Wexler;1980-01-06
Chuck;McGill;1955-04-30
Michał;Adamczyk;1994-12-12
Jimmy;McGill;1978-06-01
Mike;Ehrmentraut;1941-10-12
Kim;Wexler;1980-01-06
Chuck;McGill;1955-04-30
Michał;Adamczyk;1994-12-12
Jimmy;McGill;1978-06-01
Mike;Ehrmentraut;1941-10-12
Kim;Wexler;1980-01-06
Chuck;McGill;1955-04-30
Michał;Adamczyk;1994-12-12
Jimmy;McGill;1978-06-01
Mike;Ehrmentraut;1941-10-12
Kim;Wexler;1980-01-06
Chuck;McGill;1955-04-30
Michał;Adamczyk;1994-12-12
Jimmy;McGill;1978-06-01
Mike;Ehrmentraut;1941-10-12
Kim;Wexler;1980-01-06
Chuck;McGill;1955-04-30
Michał;Adamczyk;1994-12-12
Jimmy;McGill;1978-06-01
Mike;Ehrmentraut;1941-10-12
Kim;Wexler;1980-01-06
Chuck;McGill;1955-04-30
Michał;Adamczyk;1994-12-12
Jimmy;McGill;1978-06-01
Mike;Ehrmentraut;1941-10-12
Kim;Wexler;1980-01-06
Chuck;McGill;1955-04-30
Michał;Adamczyk;1994-12-12
Jimmy;McGill;1978-06-01
Mike;Ehrmentraut;1941-10-12
Kim;Wexler;1980-01-06
Chuck;McGill;1955-04-30
Michał;Adamczyk;1994-12-12
Jimmy;McGill;1978-06-01
Mike;Ehrmentraut;1941-10-12
Kim;Wexler;1980-01-06
Chuck;McGill;1955-04-30
Michał;Adamczyk;1994-12-12
Jimmy;McGill;1978-06-01
Mike;Ehrmentraut;1941-10-12
Kim;Wexler;1980-01-06
Chuck;McGill;1955-04-30
Michał;Adamczyk;1994-12-12
Jimmy;McGill;1978-06-01
Mike;Ehrmentraut;1941-10-12
Kim;Wexler;1980-01-06
Chuck;McGill;1955-04-30
Michał;Adamczyk;1994-12-12
Jimmy;McGill;1978-06-01
Mike;Ehrmentraut;1941-10-12
Kim;Wexler;1980-01-06
Chuck;McGill;1955-04-30
Michał;Adamczyk;1994-12-12
Jimmy;McGill;1978-06-01
Mike;Ehrmentraut;1941-10-12
Kim;Wexler;1980-01-06
Chuck;McGill;1955-04-30
Michał;Adamczyk;1994-12-12
Jimmy;McGill;1978-06-01
Mike;Ehrmentraut;1941-10-12
Kim;Wexler;1980-01-06
Chuck;McGill;1955-04-30
Michał;Adamczyk;1994-12-12
Jimmy;McGill;1978-06-01
Mike;Ehrmentraut;1941-10-12
Kim;Wexler;1980-01-06
Chuck;McGill;1955-04-30
Michał;Adamczyk;1994-12-12
Jimmy;McGill;1978-06-01
Mike;Ehrmentraut;1941-10-12
Kim;Wexler;1980-01-06
Chuck;McGill;1955-04-30
Michał;Adamczyk;1994-12-12
Jimmy;McGill;1978-06-01
Mike;Ehrmentraut;1941-10-12
Kim;Wexler;1980-01-06
Chuck;McGill;1955-04-30
Michał;Adamczyk;1994-12-12
Jimmy;McGill;1978-06-01
Mike;Ehrmentraut;1941-10-12
Kim;Wexler;1980-01-06
Chuck;McGill;1955-04-30
Michał;Adamczyk;1994-12-12
Jimmy;McGill;1978-06-01
Mike;Ehrmentraut;1941-10-12
Kim;Wexler;1980-01-06
Chuck;McGill;1955-04-30
Michał;Adamczyk;1994-12-12
Jimmy;McGill;1978-06-01
Mike;Ehrmentraut;1941-10-12
Kim;Wexler;1980-01-06
Chuck;McGill;1955-04-30
Michał;Adamczyk;1994-12-12
Jimmy;McGill;1978-06-01
Mike;Ehrmentraut;1941-10-12
Kim;Wexler;1980-01-06
Chuck;McGill;1955-04-30
Michał;Adamczyk;1994-12-12
Jimmy;McGill;1978-06-01
Mike;Ehrmentraut;1941-10-12
Kim;Wexler;1980-01-06
Chuck;McGill;1955-04-30
Michał;Adamczyk;1994-12-12
Jimmy;McGill;1978-06-01
Mike;Ehrmentraut;1941-10-12
Kim;Wexler;1980-01-06
Michał;Adamczyk;1994-12-12